<?xml version="1.0" encoding="UTF-8" standalone="yes"?>
<addon id="resource.images.moviegenreicons.sutekh" name="Movie Genre Icons - SUTEKH" version="1.0.0" provider-name="TimeyWimeys">
	<extension point="kodi.resource.images" compile="true" type="moviegenreicons" />
	<requires>
		<import addon="kodi.resource" version="1.0.0"/>
	</requires>
	<extension point="xbmc.addon.metadata">
		<summary lang="en">Movies and TV Shows Genre Icons for SUTEKH</summary>
		<summary lang="nl">Film en TV-serie genre iconen voor SUTEKH</summary>
		<description lang="en">SUTEKH Style Genre Bricks</description>
		<description lang="nl">SUTEKH Style Genre Tegels</description>
		<platform>all</platform>
		<email></email>
		<license>GPL v3.0</license>
		<website></website>
		<source>https://github.com/timeywimeys/omega/resource.images.moviegenreicons.sutekh</source>
		<assets>
			<icon>icon.png</icon>
			<fanart>fanart.png</fanart>
		</assets>
	</extension>
</addon>
